title,description,link,image
Estoy en mi límiteeee seeee dale PAPAAAA,Breve descripción del enlace 13,https://youtu.be/uMFf0bcgl0I,https://i.pinimg.com/736x/30/70/67/307067fcb7a164784584c2b36369724d.jpg
O,Breve descripción del enlace 2,https://youtu.be/0fspdibPmWU,https://i.pinimg.com/736x/04/e0/ae/04e0aed6d930e2ec6f2797e4292c5c8e.jpg
Tengo demasiado amor,Breve descripción del enlace 3,https://youtu.be/0fspdibPmWU,https://i.pinimg.com/736x/84/aa/f3/84aaf37f63a302626e80ad762025ccfc.jpg
Sapo time!,Todo el tiempo,https://www.youtube.com/watch?v=xG6RmDC_urw,https://i.pinimg.com/736x/2e/7c/84/2e7c84c1f9350e9989c608ea2c887771.jpg
Chunky,Breve descripción del enlace 5,https://youtu.be/0fspdibPmWU,https://i.pinimg.com/736x/d5/76/ce/d576ce7bbe76fb628e61ada597c1bbd4.jpg
Honguitos,Breve descripción del enlace 1,https://youtu.be/uMFf0bcgl0I,https://i.pinimg.com/736x/85/08/4c/85084ca6918e75807fe25cad44ec0982.jpg
Sirena en sapo,Breve descripción del enlace 2,https://youtu.be/0fspdibPmWU,https://i.pinimg.com/736x/0f/17/c8/0f17c852acf2afae0055530c554bcaa7.jpg
Ballena surrealista,Breve descripción del enlace 3,https://youtu.be/0fspdibPmWU,https://i.pinimg.com/736x/68/a9/1b/68a91b9486ec51ba471b4b7429abc65f.jpg
Auto varado,Todo el tiempo,https://www.youtube.com/watch?v=xG6RmDC_urw,https://i.pinimg.com/736x/85/ad/db/85addbaa32afe9a4b6f6ad8a6157f94c.jpg
Estoy en mi límiteeee,Breve descripción del enlace 1,https://youtu.be/uMFf0bcgl0I,https://i.pinimg.com/736x/30/70/67/307067fcb7a164784584c2b36369724d.jpg
O cambias o todo se repite,Breve descripción del enlace 2,https://youtu.be/0fspdibPmWU,https://i.pinimg.com/736x/04/e0/ae/04e0aed6d930e2ec6f2797e4292c5c8e.jpg
Tengo demasiado amor,Breve descripción del enlace 3,https://youtu.be/0fspdibPmWU,https://i.pinimg.com/736x/84/aa/f3/84aaf37f63a302626e80ad762025ccfc.jpg
Sapo time!,Todo el tiempo,https://www.youtube.com/watch?v=xG6RmDC_urw,https://i.pinimg.com/736x/2e/7c/84/2e7c84c1f9350e9989c608ea2c887771.jpg
Chunky,Breve descripción del enlace 5,https://youtu.be/0fspdibPmWU,https://i.pinimg.com/736x/d5/76/ce/d576ce7bbe76fb628e61ada597c1bbd4.jpg
Honguitos,Breve descripción del enlace 1,https://youtu.be/uMFf0bcgl0I,https://i.pinimg.com/736x/85/08/4c/85084ca6918e75807fe25cad44ec0982.jpg
Sirena en sapo,Breve descripción del enlace 2,https://youtu.be/0fspdibPmWU,https://i.pinimg.com/736x/0f/17/c8/0f17c852acf2afae0055530c554bcaa7.jpg
Ballena surrealista,Breve descripción del enlace 3,https://youtu.be/0fspdibPmWU,https://i.pinimg.com/736x/68/a9/1b/68a91b9486ec51ba471b4b7429abc65f.jpg
Auto varado,Todo el tiempo,https://www.youtube.com/watch?v=xG6RmDC_urw,https://i.pinimg.com/736x/85/ad/db/85addbaa32afe9a4b6f6ad8a6157f94c.jpg
Estoy en mi límiteeee,Breve descripción del enlace 1,https://youtu.be/uMFf0bcgl0I,https://i.pinimg.com/736x/30/70/67/307067fcb7a164784584c2b36369724d.jpg
O cambias o todo se repite,Breve descripción del enlace 2,https://youtu.be/0fspdibPmWU,https://i.pinimg.com/736x/04/e0/ae/04e0aed6d930e2ec6f2797e4292c5c8e.jpg
Tengo demasiado amor,Breve descripción del enlace 3,https://youtu.be/0fspdibPmWU,https://i.pinimg.com/736x/84/aa/f3/84aaf37f63a302626e80ad762025ccfc.jpg
Sapo time!,Todo el tiempo,https://www.youtube.com/watch?v=xG6RmDC_urw,https://i.pinimg.com/736x/2e/7c/84/2e7c84c1f9350e9989c608ea2c887771.jpg
Chunky,Breve descripción del enlace 5,https://youtu.be/0fspdibPmWU,https://i.pinimg.com/736x/d5/76/ce/d576ce7bbe76fb628e61ada597c1bbd4.jpg
Honguitos,Breve descripción del enlace 1,https://youtu.be/uMFf0bcgl0I,https://i.pinimg.com/736x/85/08/4c/85084ca6918e75807fe25cad44ec0982.jpg
Sirena en sapo,Breve descripción del enlace 2,https://youtu.be/0fspdibPmWU,https://i.pinimg.com/736x/0f/17/c8/0f17c852acf2afae0055530c554bcaa7.jpg
Ballena surrealista,Breve descripción del enlace 3,https://youtu.be/0fspdibPmWU,https://i.pinimg.com/736x/68/a9/1b/68a91b9486ec51ba471b4b7429abc65f.jpg
Auto varado,Todo el tiempo,https://www.youtube.com/watch?v=xG6RmDC_urw,https://i.pinimg.com/736x/85/ad/db/85addbaa32afe9a4b6f6ad8a6157f94c.jpg
Estoy en mi límiteeee,Breve descripción del enlace 1,https://youtu.be/uMFf0bcgl0I,https://i.pinimg.com/736x/30/70/67/307067fcb7a164784584c2b36369724d.jpg
O cambias o todo se repite,Breve descripción del enlace 2,https://youtu.be/0fspdibPmWU,https://i.pinimg.com/736x/04/e0/ae/04e0aed6d930e2ec6f2797e4292c5c8e.jpg
Tengo demasiado amor,Breve descripción del enlace 3,https://youtu.be/0fspdibPmWU,https://i.pinimg.com/736x/84/aa/f3/84aaf37f63a302626e80ad762025ccfc.jpg
Sapo time!,Todo el tiempo,https://www.youtube.com/watch?v=xG6RmDC_urw,https://i.pinimg.com/736x/2e/7c/84/2e7c84c1f9350e9989c608ea2c887771.jpg
Chunky,Breve descripción del enlace 5,https://youtu.be/0fspdibPmWU,https://i.pinimg.com/736x/d5/76/ce/d576ce7bbe76fb628e61ada597c1bbd4.jpg
Honguitos,Breve descripción del enlace 1,https://youtu.be/uMFf0bcgl0I,https://i.pinimg.com/736x/85/08/4c/85084ca6918e75807fe25cad44ec0982.jpg
Sirena en sapo,Breve descripción del enlace 2,https://youtu.be/0fspdibPmWU,https://i.pinimg.com/736x/0f/17/c8/0f17c852acf2afae0055530c554bcaa7.jpg
Ballena surrealista,Breve descripción del enlace 3,https://youtu.be/0fspdibPmWU,https://i.pinimg.com/736x/68/a9/1b/68a91b9486ec51ba471b4b7429abc65f.jpg
Auto varado,Todo el tiempo,https://www.youtube.com/watch?v=xG6RmDC_urw,https://i.pinimg.com/736x/85/ad/db/85addbaa32afe9a4b6f6ad8a6157f94c.jpg
Estoy en mi límiteeee,Breve descripción del enlace 1,https://youtu.be/uMFf0bcgl0I,https://i.pinimg.com/736x/30/70/67/307067fcb7a164784584c2b36369724d.jpg
O cambias o todo se repite,Breve descripción del enlace 2,https://youtu.be/0fspdibPmWU,https://i.pinimg.com/736x/04/e0/ae/04e0aed6d930e2ec6f2797e4292c5c8e.jpg
Tengo demasiado amor,Breve descripción del enlace 3,https://youtu.be/0fspdibPmWU,https://i.pinimg.com/736x/84/aa/f3/84aaf37f63a302626e80ad762025ccfc.jpg
Sapo time!,Todo el tiempo,https://www.youtube.com/watch?v=xG6RmDC_urw,https://i.pinimg.com/736x/2e/7c/84/2e7c84c1f9350e9989c608ea2c887771.jpg
Chunky,Breve descripción del enlace 5,https://youtu.be/0fspdibPmWU,https://i.pinimg.com/736x/d5/76/ce/d576ce7bbe76fb628e61ada597c1bbd4.jpg
Honguitos,Breve descripción del enlace 1,https://youtu.be/uMFf0bcgl0I,https://i.pinimg.com/736x/85/08/4c/85084ca6918e75807fe25cad44ec0982.jpg
Sirena en sapo,Breve descripción del enlace 2,https://youtu.be/0fspdibPmWU,https://i.pinimg.com/736x/0f/17/c8/0f17c852acf2afae0055530c554bcaa7.jpg
Ballena surrealista,Breve descripción del enlace 3,https://youtu.be/0fspdibPmWU,https://i.pinimg.com/736x/68/a9/1b/68a91b9486ec51ba471b4b7429abc65f.jpg
Auto varado,Todo el tiempo,https://www.youtube.com/watch?v=xG6RmDC_urw,https://i.pinimg.com/736x/85/ad/db/85addbaa32afe9a4b6f6ad8a6157f94c.jpg
Estoy en mi límiteeee,Breve descripción del enlace 1,https://youtu.be/uMFf0bcgl0I,https://i.pinimg.com/736x/30/70/67/307067fcb7a164784584c2b36369724d.jpg
O cambias o todo se repite,Breve descripción del enlace 2,https://youtu.be/0fspdibPmWU,https://i.pinimg.com/736x/04/e0/ae/04e0aed6d930e2ec6f2797e4292c5c8e.jpg
Tengo demasiado amor,Breve descripción del enlace 3,https://youtu.be/0fspdibPmWU,https://i.pinimg.com/736x/84/aa/f3/84aaf37f63a302626e80ad762025ccfc.jpg
Sapo time!,Todo el tiempo,https://www.youtube.com/watch?v=xG6RmDC_urw,https://i.pinimg.com/736x/2e/7c/84/2e7c84c1f9350e9989c608ea2c887771.jpg
Chunky,Breve descripción del enlace 5,https://youtu.be/0fspdibPmWU,https://i.pinimg.com/736x/d5/76/ce/d576ce7bbe76fb628e61ada597c1bbd4.jpg
Honguitos,Breve descripción del enlace 1,https://youtu.be/uMFf0bcgl0I,https://i.pinimg.com/736x/85/08/4c/85084ca6918e75807fe25cad44ec0982.jpg
Sirena en sapo,Breve descripción del enlace 2,https://youtu.be/0fspdibPmWU,https://i.pinimg.com/736x/0f/17/c8/0f17c852acf2afae0055530c554bcaa7.jpg
Ballena surrealista,Breve descripción del enlace 3,https://youtu.be/0fspdibPmWU,https://i.pinimg.com/736x/68/a9/1b/68a91b9486ec51ba471b4b7429abc65f.jpg
Auto varado,Todo el tiempo,https://www.youtube.com/watch?v=xG6RmDC_urw,https://i.pinimg.com/736x/85/ad/db/85addbaa32afe9a4b6f6ad8a6157f94c.jpg
Estoy en mi límiteeee,Breve descripción del enlace 1,https://youtu.be/uMFf0bcgl0I,https://i.pinimg.com/736x/30/70/67/307067fcb7a164784584c2b36369724d.jpg
O cambias o todo se repite,Breve descripción del enlace 2,https://youtu.be/0fspdibPmWU,https://i.pinimg.com/736x/04/e0/ae/04e0aed6d930e2ec6f2797e4292c5c8e.jpg
Tengo demasiado amor,Breve descripción del enlace 3,https://youtu.be/0fspdibPmWU,https://i.pinimg.com/736x/84/aa/f3/84aaf37f63a302626e80ad762025ccfc.jpg
Sapo time!,Todo el tiempo,https://www.youtube.com/watch?v=xG6RmDC_urw,https://i.pinimg.com/736x/2e/7c/84/2e7c84c1f9350e9989c608ea2c887771.jpg
Chunky,Breve descripción del enlace 5,https://youtu.be/0fspdibPmWU,https://i.pinimg.com/736x/d5/76/ce/d576ce7bbe76fb628e61ada597c1bbd4.jpg
Honguitos,Breve descripción del enlace 1,https://youtu.be/uMFf0bcgl0I,https://i.pinimg.com/736x/85/08/4c/85084ca6918e75807fe25cad44ec0982.jpg
Sirena en sapo,Breve descripción del enlace 2,https://youtu.be/0fspdibPmWU,https://i.pinimg.com/736x/0f/17/c8/0f17c852acf2afae0055530c554bcaa7.jpg
Ballena surrealista,Breve descripción del enlace 3,https://youtu.be/0fspdibPmWU,https://i.pinimg.com/736x/68/a9/1b/68a91b9486ec51ba471b4b7429abc65f.jpg
Auto varado,Todo el tiempo,https://www.youtube.com/watch?v=xG6RmDC_urw,https://i.pinimg.com/736x/85/ad/db/85addbaa32afe9a4b6f6ad8a6157f94c.jpg
Estoy en mi límiteeee,Breve descripción del enlace 1,https://youtu.be/uMFf0bcgl0I,https://i.pinimg.com/736x/30/70/67/307067fcb7a164784584c2b36369724d.jpg
O cambias o todo se repite,Breve descripción del enlace 2,https://youtu.be/0fspdibPmWU,https://i.pinimg.com/736x/04/e0/ae/04e0aed6d930e2ec6f2797e4292c5c8e.jpg
Tengo demasiado amor,Breve descripción del enlace 3,https://youtu.be/0fspdibPmWU,https://i.pinimg.com/736x/84/aa/f3/84aaf37f63a302626e80ad762025ccfc.jpg
Sapo time!,Todo el tiempo,https://www.youtube.com/watch?v=xG6RmDC_urw,https://i.pinimg.com/736x/2e/7c/84/2e7c84c1f9350e9989c608ea2c887771.jpg
Chunky,Breve descripción del enlace 5,https://youtu.be/0fspdibPmWU,https://i.pinimg.com/736x/d5/76/ce/d576ce7bbe76fb628e61ada597c1bbd4.jpg
Honguitos,Breve descripción del enlace 1,https://youtu.be/uMFf0bcgl0I,https://i.pinimg.com/736x/85/08/4c/85084ca6918e75807fe25cad44ec0982.jpg
Sirena en sapo,Breve descripción del enlace 2,https://youtu.be/0fspdibPmWU,https://i.pinimg.com/736x/0f/17/c8/0f17c852acf2afae0055530c554bcaa7.jpg
Ballena surrealista,Breve descripción del enlace 3,https://youtu.be/0fspdibPmWU,https://i.pinimg.com/736x/68/a9/1b/68a91b9486ec51ba471b4b7429abc65f.jpg
Auto varado,Todo el tiempo,https://www.youtube.com/watch?v=xG6RmDC_urw,https://i.pinimg.com/736x/85/ad/db/85addbaa32afe9a4b6f6ad8a6157f94c.jpg
Estoy en mi límiteeee,Breve descripción del enlace 1,https://youtu.be/uMFf0bcgl0I,https://i.pinimg.com/736x/30/70/67/307067fcb7a164784584c2b36369724d.jpg
O cambias o todo se repite,Breve descripción del enlace 2,https://youtu.be/0fspdibPmWU,https://i.pinimg.com/736x/04/e0/ae/04e0aed6d930e2ec6f2797e4292c5c8e.jpg
Tengo demasiado amor,Breve descripción del enlace 3,https://youtu.be/0fspdibPmWU,https://i.pinimg.com/736x/84/aa/f3/84aaf37f63a302626e80ad762025ccfc.jpg
Sapo time!,Todo el tiempo,https://www.youtube.com/watch?v=xG6RmDC_urw,https://i.pinimg.com/736x/2e/7c/84/2e7c84c1f9350e9989c608ea2c887771.jpg
Chunky,Breve descripción del enlace 5,https://youtu.be/0fspdibPmWU,https://i.pinimg.com/736x/d5/76/ce/d576ce7bbe76fb628e61ada597c1bbd4.jpg
Honguitos,Breve descripción del enlace 1,https://youtu.be/uMFf0bcgl0I,https://i.pinimg.com/736x/85/08/4c/85084ca6918e75807fe25cad44ec0982.jpg
Sirena en sapo,Breve descripción del enlace 2,https://youtu.be/0fspdibPmWU,https://i.pinimg.com/736x/0f/17/c8/0f17c852acf2afae0055530c554bcaa7.jpg
Ballena surrealista,Breve descripción del enlace 3,https://youtu.be/0fspdibPmWU,https://i.pinimg.com/736x/68/a9/1b/68a91b9486ec51ba471b4b7429abc65f.jpg
Auto varado,Todo el tiempo,https://www.youtube.com/watch?v=xG6RmDC_urw,https://i.pinimg.com/736x/85/ad/db/85addbaa32afe9a4b6f6ad8a6157f94c.jpg
Estoy en mi límiteeee,Breve descripción del enlace 1,https://youtu.be/uMFf0bcgl0I,https://i.pinimg.com/736x/30/70/67/307067fcb7a164784584c2b36369724d.jpg
O cambias o todo se repite,Breve descripción del enlace 2,https://youtu.be/0fspdibPmWU,https://i.pinimg.com/736x/04/e0/ae/04e0aed6d930e2ec6f2797e4292c5c8e.jpg
Tengo demasiado amor,Breve descripción del enlace 3,https://youtu.be/0fspdibPmWU,https://i.pinimg.com/736x/84/aa/f3/84aaf37f63a302626e80ad762025ccfc.jpg
Sapo time!,Todo el tiempo,https://www.youtube.com/watch?v=xG6RmDC_urw,https://i.pinimg.com/736x/2e/7c/84/2e7c84c1f9350e9989c608ea2c887771.jpg
Chunky,Breve descripción del enlace 5,https://youtu.be/0fspdibPmWU,https://i.pinimg.com/736x/d5/76/ce/d576ce7bbe76fb628e61ada597c1bbd4.jpg
Honguitos,Breve descripción del enlace 1,https://youtu.be/uMFf0bcgl0I,https://i.pinimg.com/736x/85/08/4c/85084ca6918e75807fe25cad44ec0982.jpg
Sirena en sapo,Breve descripción del enlace 2,https://youtu.be/0fspdibPmWU,https://i.pinimg.com/736x/0f/17/c8/0f17c852acf2afae0055530c554bcaa7.jpg
Ballena surrealista,Breve descripción del enlace 3,https://youtu.be/0fspdibPmWU,https://i.pinimg.com/736x/68/a9/1b/68a91b9486ec51ba471b4b7429abc65f.jpg
Auto varado,Todo el tiempo,https://www.youtube.com/watch?v=xG6RmDC_urw,https://i.pinimg.com/736x/85/ad/db/85addbaa32afe9a4b6f6ad8a6157f94c.jpg
Estoy en mi límiteeee,Breve descripción del enlace 1,https://youtu.be/uMFf0bcgl0I,https://i.pinimg.com/736x/30/70/67/307067fcb7a164784584c2b36369724d.jpg
O cambias o todo se repite,Breve descripción del enlace 2,https://youtu.be/0fspdibPmWU,https://i.pinimg.com/736x/04/e0/ae/04e0aed6d930e2ec6f2797e4292c5c8e.jpg
Tengo demasiado amor,Breve descripción del enlace 3,https://youtu.be/0fspdibPmWU,https://i.pinimg.com/736x/84/aa/f3/84aaf37f63a302626e80ad762025ccfc.jpg
Sapo time!,Todo el tiempo,https://www.youtube.com/watch?v=xG6RmDC_urw,https://i.pinimg.com/736x/2e/7c/84/2e7c84c1f9350e9989c608ea2c887771.jpg
Chunky,Breve descripción del enlace 5,https://youtu.be/0fspdibPmWU,https://i.pinimg.com/736x/d5/76/ce/d576ce7bbe76fb628e61ada597c1bbd4.jpg
Honguitos,Breve descripción del enlace 1,https://youtu.be/uMFf0bcgl0I,https://i.pinimg.com/736x/85/08/4c/85084ca6918e75807fe25cad44ec0982.jpg
Sirena en sapo,Breve descripción del enlace 2,https://youtu.be/0fspdibPmWU,https://i.pinimg.com/736x/0f/17/c8/0f17c852acf2afae0055530c554bcaa7.jpg
Ballena surrealista,Breve descripción del enlace 3,https://youtu.be/0fspdibPmWU,https://i.pinimg.com/736x/68/a9/1b/68a91b9486ec51ba471b4b7429abc65f.jpg
Auto varado,Todo el tiempo,https://www.youtube.com/watch?v=xG6RmDC_urw,https://i.pinimg.com/736x/85/ad/db/85addbaa32afe9a4b6f6ad8a6157f94c.jpg
Estoy en mi límiteeee,Breve descripción del enlace 1,https://youtu.be/uMFf0bcgl0I,https://i.pinimg.com/736x/30/70/67/307067fcb7a164784584c2b36369724d.jpg
O cambias o todo se repite,Breve descripción del enlace 2,https://youtu.be/0fspdibPmWU,https://i.pinimg.com/736x/04/e0/ae/04e0aed6d930e2ec6f2797e4292c5c8e.jpg
Tengo demasiado amor,Breve descripción del enlace 3,https://youtu.be/0fspdibPmWU,https://i.pinimg.com/736x/84/aa/f3/84aaf37f63a302626e80ad762025ccfc.jpg
Sapo time!,Todo el tiempo,https://www.youtube.com/watch?v=xG6RmDC_urw,https://i.pinimg.com/736x/2e/7c/84/2e7c84c1f9350e9989c608ea2c887771.jpg
Chunky,Breve descripción del enlace 5,https://youtu.be/0fspdibPmWU,https://i.pinimg.com/736x/d5/76/ce/d576ce7bbe76fb628e61ada597c1bbd4.jpg
Honguitos,Breve descripción del enlace 1,https://youtu.be/uMFf0bcgl0I,https://i.pinimg.com/736x/85/08/4c/85084ca6918e75807fe25cad44ec0982.jpg
Sirena en sapo,Breve descripción del enlace 2,https://youtu.be/0fspdibPmWU,https://i.pinimg.com/736x/0f/17/c8/0f17c852acf2afae0055530c554bcaa7.jpg
Ballena surrealista,Breve descripción del enlace 3,https://youtu.be/0fspdibPmWU,https://i.pinimg.com/736x/68/a9/1b/68a91b9486ec51ba471b4b7429abc65f.jpg
Auto varado,Todo el tiempo,https://www.youtube.com/watch?v=xG6RmDC_urw,https://i.pinimg.com/736x/85/ad/db/85addbaa32afe9a4b6f6ad8a6157f94c.jpg
Estoy en mi límiteeee,Breve descripción del enlace 1,https://youtu.be/uMFf0bcgl0I,https://i.pinimg.com/736x/30/70/67/307067fcb7a164784584c2b36369724d.jpg
O cambias o todo se repite,Breve descripción del enlace 2,https://youtu.be/0fspdibPmWU,https://i.pinimg.com/736x/04/e0/ae/04e0aed6d930e2ec6f2797e4292c5c8e.jpg
Tengo demasiado amor,Breve descripción del enlace 3,https://youtu.be/0fspdibPmWU,https://i.pinimg.com/736x/84/aa/f3/84aaf37f63a302626e80ad762025ccfc.jpg
Sapo time!,Todo el tiempo,https://www.youtube.com/watch?v=xG6RmDC_urw,https://i.pinimg.com/736x/2e/7c/84/2e7c84c1f9350e9989c608ea2c887771.jpg
Chunky,Breve descripción del enlace 5,https://youtu.be/0fspdibPmWU,https://i.pinimg.com/736x/d5/76/ce/d576ce7bbe76fb628e61ada597c1bbd4.jpg
Honguitos,Breve descripción del enlace 1,https://youtu.be/uMFf0bcgl0I,https://i.pinimg.com/736x/85/08/4c/85084ca6918e75807fe25cad44ec0982.jpg
Sirena en sapo,Breve descripción del enlace 2,https://youtu.be/0fspdibPmWU,https://i.pinimg.com/736x/0f/17/c8/0f17c852acf2afae0055530c554bcaa7.jpg
Ballena surrealista,Breve descripción del enlace 3,https://youtu.be/0fspdibPmWU,https://i.pinimg.com/736x/68/a9/1b/68a91b9486ec51ba471b4b7429abc65f.jpg
Auto varado,Todo el tiempo,https://www.youtube.com/watch?v=xG6RmDC_urw,https://i.pinimg.com/736x/85/ad/db/85addbaa32afe9a4b6f6ad8a6157f94c.jpg
Estoy en mi límiteeee,Breve descripción del enlace 1,https://youtu.be/uMFf0bcgl0I,https://i.pinimg.com/736x/30/70/67/307067fcb7a164784584c2b36369724d.jpg
O cambias o todo se repite,Breve descripción del enlace 2,https://youtu.be/0fspdibPmWU,https://i.pinimg.com/736x/04/e0/ae/04e0aed6d930e2ec6f2797e4292c5c8e.jpg
Tengo demasiado amor,Breve descripción del enlace 3,https://youtu.be/0fspdibPmWU,https://i.pinimg.com/736x/84/aa/f3/84aaf37f63a302626e80ad762025ccfc.jpg
Sapo time!,Todo el tiempo,https://www.youtube.com/watch?v=xG6RmDC_urw,https://i.pinimg.com/736x/2e/7c/84/2e7c84c1f9350e9989c608ea2c887771.jpg
Chunky,Breve descripción del enlace 5,https://youtu.be/0fspdibPmWU,https://i.pinimg.com/736x/d5/76/ce/d576ce7bbe76fb628e61ada597c1bbd4.jpg
Honguitos,Breve descripción del enlace 1,https://youtu.be/uMFf0bcgl0I,https://i.pinimg.com/736x/85/08/4c/85084ca6918e75807fe25cad44ec0982.jpg
Sirena en sapo,Breve descripción del enlace 2,https://youtu.be/0fspdibPmWU,https://i.pinimg.com/736x/0f/17/c8/0f17c852acf2afae0055530c554bcaa7.jpg
Ballena surrealista,Breve descripción del enlace 3,https://youtu.be/0fspdibPmWU,https://i.pinimg.com/736x/68/a9/1b/68a91b9486ec51ba471b4b7429abc65f.jpg
Auto varado,Todo el tiempo,https://www.youtube.com/watch?v=xG6RmDC_urw,https://i.pinimg.com/736x/85/ad/db/85addbaa32afe9a4b6f6ad8a6157f94c.jpg
Estoy en mi límiteeee,Breve descripción del enlace 1,https://youtu.be/uMFf0bcgl0I,https://i.pinimg.com/736x/30/70/67/307067fcb7a164784584c2b36369724d.jpg
O cambias o todo se repite,Breve descripción del enlace 2,https://youtu.be/0fspdibPmWU,https://i.pinimg.com/736x/04/e0/ae/04e0aed6d930e2ec6f2797e4292c5c8e.jpg
Tengo demasiado amor,Breve descripción del enlace 3,https://youtu.be/0fspdibPmWU,https://i.pinimg.com/736x/84/aa/f3/84aaf37f63a302626e80ad762025ccfc.jpg
Sapo time!,Todo el tiempo,https://www.youtube.com/watch?v=xG6RmDC_urw,https://i.pinimg.com/736x/2e/7c/84/2e7c84c1f9350e9989c608ea2c887771.jpg
Chunky,Breve descripción del enlace 5,https://youtu.be/0fspdibPmWU,https://i.pinimg.com/736x/d5/76/ce/d576ce7bbe76fb628e61ada597c1bbd4.jpg
Honguitos,Breve descripción del enlace 1,https://youtu.be/uMFf0bcgl0I,https://i.pinimg.com/736x/85/08/4c/85084ca6918e75807fe25cad44ec0982.jpg
Sirena en sapo,Breve descripción del enlace 2,https://youtu.be/0fspdibPmWU,https://i.pinimg.com/736x/0f/17/c8/0f17c852acf2afae0055530c554bcaa7.jpg
Ballena surrealista,Breve descripción del enlace 3,https://youtu.be/0fspdibPmWU,https://i.pinimg.com/736x/68/a9/1b/68a91b9486ec51ba471b4b7429abc65f.jpg
Auto varado,Todo el tiempo,https://www.youtube.com/watch?v=xG6RmDC_urw,https://i.pinimg.com/736x/85/ad/db/85addbaa32afe9a4b6f6ad8a6157f94c.jpg
Estoy,undefined,undefined,undefined